{
  "project_info": {
    "project_number": "558316656655",
    "firebase_url": "https://serviceonway-live.firebaseio.com",
    "project_id": "serviceonway-live",
    "storage_bucket": "serviceonway-live.appspot.com"
  },
  "client": [
    {
      "client_info": {
        "mobilesdk_app_id": "1:558316656655:android:f0a13bf0eb2d3f89e7ab7a",
        "android_client_info": {
          "package_name": "com.sossolution.serviceapp"
        }
      },
      "oauth_client": [
        {
          "client_id": "558316656655-05t7ddidfn94s7gpte0qbkm2ckvq991d.apps.googleusercontent.com",
          "client_type": 3
        }
      ],
      "api_key": [
        {
          "current_key": "AIzaSyCzguhdFlu2SZPUJtHse_OeJfUBHolOrIE"
        }
      ],
      "services": {
        "appinvite_service": {
          "other_platform_oauth_client": [
            {
              "client_id": "558316656655-05t7ddidfn94s7gpte0qbkm2ckvq991d.apps.googleusercontent.com",
              "client_type": 3
            }
          ]
        }
      }
    }
  ],
  "configuration_version": "1"
}